<?xml version="1.0" encoding="UTF-8"?>
<deploy xmlns="http://www.apache.org/ode/schemas/dd/2007/03" xmlns:helloWorldWSDLFile="http://www.example.org/helloWorldWSDLFile/" xmlns:sample="http://wso2.org/bps/sample">
  <process name="sample:HelloWord">
    <active>true</active>
    <retired>false</retired>
    <process-events generate="all"/>
    <provide partnerLink="clientPartner">
      <service name="helloWorldWSDLFile:helloWorldWSDLFile" port="helloWorldPort"/>
    </provide>
  </process>
</deploy>